<?xml version="1.0" encoding="UTF-8" standalone="yes"?>
<addon id="repository.myexodusforks" name="My Exodus Forks" version="1.3" provider-name="SomeBody">
<extension point="xbmc.addon.repository" name="My Exodus Forks Repository">
	<dir>
	<info compressed="false">https://raw.githubusercontent.com/ineedthat/myexodusforks/master/addons.xml</info>
	<checksum>https://raw.githubusercontent.com/ineedthat/myexodusforks/master/addons.xml.md5</checksum>
	<datadir zip="true">https://raw.githubusercontent.com/ineedthat/myexodusforks/master/</datadir>
	</dir>

	<dir>
	<info compressed="false">https://raw.githubusercontent.com/a4k-openproject/repository.openscrapers/master/zips/addons.xml</info>
	<checksum>https://raw.githubusercontent.com/a4k-openproject/repository.openscrapers/master/zips/addons.xml.md5</checksum>
	<datadir zip="true">https://raw.githubusercontent.com/a4k-openproject/repository.openscrapers/master/zips/</datadir>
	</dir>

	<dir>
	<info compressed="false">https://raw.githubusercontent.com/teamuniversal/scrapers/master/_modules4all/zips/addons.xml</info>
	<checksum>https://raw.githubusercontent.com/teamuniversal/scrapers/master/_modules4all/zips/addons.xml.md5</checksum>
	<datadir zip="true">https://raw.githubusercontent.com/teamuniversal/scrapers/master/_modules4all/zips/</datadir>
	</dir>

	<dir>
	<info compressed="false">https://raw.githubusercontent.com/jsergio123/zips/master/addons.xml</info>
	<checksum>https://raw.githubusercontent.com/jsergio123/zips/master/addons.xml.md5</checksum>
	<datadir zip="true">https://raw.githubusercontent.com/jsergio123/zips/master/</datadir>
	</dir>

	<dir>
	<info compressed="false">https://raw.githubusercontent.com/totalrevolution/python-koding/master/zips/addons.xml</info>
	<checksum>https://raw.githubusercontent.com/totalrevolution/python-koding/master/zips/addons.xml.md5</checksum>
	<datadir zip="true">https://raw.githubusercontent.com/totalrevolution/python-koding/master/zips/</datadir>
	</dir>

	<dir>
	<info compressed="false">https://raw.githubusercontent.com/marcelveldt/repository.marcelveldt/master/addons.xml</info>
	<checksum>https://raw.githubusercontent.com/marcelveldt/repository.marcelveldt/master/addons.xml.md5</checksum>
	<datadir zip="true">https://raw.githubusercontent.com/marcelveldt/repository.marcelveldt/master/</datadir>
	</dir>
</extension>
<extension point="xbmc.addon.metadata">
<summary>My Exodus Forks</summary>
<description>My Exodus Forks</description>
<disclaimer></disclaimer>
<platform>all</platform>
<assets>
<icon>icon.png</icon>
<fanart>fanart.jpg</fanart>
</assets>
</extension>
</addon>