<?xml version="1.0" encoding="UTF-8" standalone="yes"?>
<addon id="plugin.video.kissmyassexodusfork" version="2.0.7" name="My Kiss Ass Exodus Fork" provider-name="Defiant">
   <requires>
        <import addon="xbmc.python" version="2.19.0" />
        <import addon="script.module.kissmyassexodusfork" />
        <import addon="script.kissmyassexodusfork.artwork" />
        <import addon="script.kissmyassexodusfork.metadata" />
        <import addon="script.module.resolveurl" />
        <import addon="script.module.requests" />
        <import addon="script.module.metahandler" />
		<import addon="script.module.openscrapers" version="0.0.1.82" />
    </requires>
    <extension point="xbmc.python.pluginsource" library="defiant.py">
        <provides>video</provides>
    </extension>
    <extension point="xbmc.service" library="service.py" start="startup" />
	<extension point="kodi.context.item">
		<menu id="kodi.core.main">
			<menu>
				<label>My Kiss Ass Exodus Fork</label>
				<item library="context_toggle.py">
					<label>Preferred toggle</label>
					<visible>!System.HasAddon(context.mtb.vr8fg8b) + !Skin.HasSetting(Toggling)</visible>
				</item>
				<item library="context_movie.py">
					<label>$ADDON[plugin.video.kissmyassexodusfork 30602]</label>
					<visible>StringCompare(ListItem.dbtype,movie) + SubString(ListItem.Path, plugin.video.kissmyassexodusfork)</visible>
				</item>
				<item library="context_tvshow.py">
					<label>$ADDON[plugin.video.kissmyassexodusfork 30602]</label>
					<visible>StringCompare(ListItem.dbtype,tvshow) + SubString(ListItem.Path, plugin.video.kissmyassexodusfork)</visible>
				</item>
			</menu>
		</menu>
	</extension>	
    <extension point="xbmc.addon.metadata">
		<summary lang="en">My Kiss Ass Exodus Fork Could Not Be Possible Without 13Clowns, Atreides, Exodus, Exodus Redux, Placenta, Michaelmyers, Resistance, Incursion or Yoda. Much Respect To The Devs That Came Before.</summary>
		<disclaimer lang="en">The authors of this addon do not host any of the content which is found and have no affiliation with any of the content providers. This addon simply searches websites for content. Use at your own risk!</disclaimer>
		<description lang="en">My Kiss Ass Exodus Fork Could Not Be Possible Without 13Clowns, Atreides, Exodus, Exodus Redux, Placenta, Michaelmyers, Resistance, Incursion or Yoda. Much Respect To The Devs That Came Before.</description>
    <platform>all</platform>
    <license>GNU GENERAL PUBLIC LICENSE. Version 3, 29 June 2007</license>
    <assets>
        <icon>icon.gif</icon>
        <fanart>fanart.jpg</fanart>
    </assets>
    <news></news>
    </extension>
</addon>